date,cash,position_shares,close,market_value,equity,daily_return,cum_return,running_peak,drawdown,symbol,test_start
2024-04-17,100000.0,0,425.84,0.0,100000.0,0.0,0.0,100000.0,0.0,QQQ,2024-04-17
2024-04-18,100000.0,0,423.41,0.0,100000.0,0.0,0.0,100000.0,0.0,QQQ,2024-04-17
2024-04-19,100000.0,0,414.65,0.0,100000.0,0.0,0.0,100000.0,0.0,QQQ,2024-04-17
2024-04-22,100000.0,0,418.82,0.0,100000.0,0.0,0.0,100000.0,0.0,QQQ,2024-04-17
2024-04-23,100000.0,0,425.07,0.0,100000.0,0.0,0.0,100000.0,0.0,QQQ,2024-04-17
2024-04-24,100000.0,0,426.51,0.0,100000.0,0.0,0.0,100000.0,0.0,QQQ,2024-04-17
2024-04-25,100000.0,0,424.45,0.0,100000.0,0.0,0.0,100000.0,0.0,QQQ,2024-04-17
2024-04-26,100000.0,0,431.0,0.0,100000.0,0.0,0.0,100000.0,0.0,QQQ,2024-04-17
2024-04-29,100000.0,0,432.75,0.0,100000.0,0.0,0.0,100000.0,0.0,QQQ,2024-04-17
2024-04-30,100000.0,0,424.59,0.0,100000.0,0.0,0.0,100000.0,0.0,QQQ,2024-04-17
2024-05-01,100000.0,0,421.52,0.0,100000.0,0.0,0.0,100000.0,0.0,QQQ,2024-04-17
2024-05-02,100000.0,0,426.9,0.0,100000.0,0.0,0.0,100000.0,0.0,QQQ,2024-04-17
2024-05-03,100000.0,0,435.48,0.0,100000.0,0.0,0.0,100000.0,0.0,QQQ,2024-04-17
2024-05-06,100000.0,0,440.25,0.0,100000.0,0.0,0.0,100000.0,0.0,QQQ,2024-04-17
2024-05-07,100000.0,0,440.32,0.0,100000.0,0.0,0.0,100000.0,0.0,QQQ,2024-04-17
2024-05-08,100000.0,0,440.06,0.0,100000.0,0.0,0.0,100000.0,0.0,QQQ,2024-04-17
2024-05-09,100000.0,0,441.02,0.0,100000.0,0.0,0.0,100000.0,0.0,QQQ,2024-04-17
2024-05-10,100000.0,0,442.06,0.0,100000.0,0.0,0.0,100000.0,0.0,QQQ,2024-04-17
2024-05-13,100000.0,0,443.08,0.0,100000.0,0.0,0.0,100000.0,0.0,QQQ,2024-04-17
2024-05-14,100000.0,0,445.93,0.0,100000.0,0.0,0.0,100000.0,0.0,QQQ,2024-04-17
2024-05-15,100000.0,0,452.9,0.0,100000.0,0.0,0.0,100000.0,0.0,QQQ,2024-04-17
2024-05-16,54729.0,100,451.98,45198.0,99927.0,-0.0007300000000000084,-0.0007300000000000084,100000.0,-0.0007300000000000084,QQQ,2024-04-17
2024-05-17,54729.0,100,451.76,45176.0,99905.0,-0.0002201607173236697,-0.0009500000000000064,100000.0,-0.0009500000000000064,QQQ,2024-04-17
2024-05-20,54729.0,100,454.91,45491.0,100220.0,0.0031529953455782245,0.0021999999999999797,100220.0,0.0,QQQ,2024-04-17
2024-05-21,54729.0,100,455.8,45580.0,100309.0,0.0008880462981439852,0.003090000000000037,100309.0,0.0,QQQ,2024-04-17
2024-05-22,54729.0,100,455.71,45571.0,100300.0,-8.97227566818426e-05,0.0029999999999998916,100309.0,-8.97227566818426e-05,QQQ,2024-04-17
2024-05-23,54729.0,100,453.66,45366.0,100095.0,-0.002043868394815518,0.0009500000000000064,100309.0,-0.002133407769990714,QQQ,2024-04-17
2024-05-24,54729.0,100,457.95,45795.0,100524.0,0.004285928368050307,0.005239999999999911,100524.0,0.0,QQQ,2024-04-17
2024-05-28,54729.0,100,459.68,45968.0,100697.0,0.0017209820540369236,0.006969999999999921,100697.0,0.0,QQQ,2024-04-17
2024-05-29,54729.0,100,456.44,45644.0,100373.0,-0.003217573512617089,0.003730000000000011,100697.0,-0.003217573512617089,QQQ,2024-04-17
2024-05-30,54729.0,100,451.55,45155.0,99884.0,-0.004871828081256857,-0.0011600000000000499,100697.0,-0.008073726128881686,QQQ,2024-04-17
2024-05-31,54729.0,100,450.71,45071.0,99800.0,-0.0008409755316166612,-0.0020000000000000018,100697.0,-0.008907911854375006,QQQ,2024-04-17
2024-06-03,54729.0,100,453.13,45313.0,100042.0,0.0024248496993988233,0.00042000000000008697,100697.0,-0.0065046625023585936,QQQ,2024-04-17
2024-06-04,54729.0,100,454.37,45437.0,100166.0,0.0012394794186441072,0.0016599999999999948,100697.0,-0.005273245479011313,QQQ,2024-04-17
2024-06-05,54729.0,100,463.53,46353.0,101082.0,0.009144819599464782,0.010820000000000052,101082.0,0.0,QQQ,2024-04-17
2024-06-06,54729.0,100,463.37,46337.0,101066.0,-0.0001582873310777,0.010659999999999892,101082.0,-0.0001582873310777,QQQ,2024-04-17
2024-06-07,54729.0,100,462.96,46296.0,101025.0,-0.00040567549917880363,0.010250000000000092,101082.0,-0.0005638986169644866,QQQ,2024-04-17
2024-06-10,54729.0,100,464.83,46483.0,101212.0,0.0018510269735214635,0.012119999999999909,101212.0,0.0,QQQ,2024-04-17
2024-06-11,54729.0,100,468.02,46802.0,101531.0,0.0031518001817967267,0.015309999999999935,101531.0,0.0,QQQ,2024-04-17
2024-06-12,54729.0,100,474.15,47415.0,102144.0,0.006037564881661739,0.021439999999999904,102144.0,0.0,QQQ,2024-04-17
2024-06-13,102233.43,0,476.72,0.0,102233.43,0.0008755286654134053,0.02233430000000003,102233.43,0.0,QQQ,2024-04-17
2024-06-14,54581.42999999999,100,479.19,47919.0,102500.43,0.002611670174814673,0.02500429999999998,102500.43,0.0,QQQ,2024-04-17
2024-06-17,54581.42999999999,100,485.06,48506.0,103087.43,0.005726805243646327,0.03087430000000002,103087.43,0.0,QQQ,2024-04-17
2024-06-18,54581.42999999999,100,485.21,48521.0,103102.43,0.0001455075560619079,0.031024299999999894,103102.43,0.0,QQQ,2024-04-17
2024-06-20,54581.42999999999,100,481.47,48147.0,102728.43,-0.0036274605748864985,0.02728430000000004,103102.43,-0.0036274605748864985,QQQ,2024-04-17
2024-06-21,54581.42999999999,100,480.18,48018.0,102599.43,-0.0012557380658888562,0.025994300000000026,103102.43,-0.004878643500448976,QQQ,2024-04-17
2024-06-24,54581.42999999999,100,473.96,47396.0,101977.43,-0.006062411847707172,0.01977429999999991,103102.43,-0.010911479001998292,QQQ,2024-04-17
2024-06-25,54581.42999999999,100,479.38,47938.0,102519.43,0.00531490154242964,0.025194299999999892,103102.43,-0.005654570896146627,QQQ,2024-04-17
2024-06-26,54581.42999999999,100,480.37,48037.0,102618.43,0.0009656706050744646,0.026184299999999938,103102.43,-0.004694360743970782,QQQ,2024-04-17
2024-06-27,54581.42999999999,100,481.61,48161.0,102742.43,0.0012083599408021506,0.027424299999999846,103102.43,-0.0034916732806394846,QQQ,2024-04-17
2024-06-28,54581.42999999999,100,479.11,47911.0,102492.43,-0.0024332692929298627,0.0249242999999999,103102.43,-0.005916446392194685,QQQ,2024-04-17
2024-07-01,54581.42999999999,100,481.92,48192.0,102773.43,0.0027416658966910035,0.02773429999999988,103102.43,-0.00319100141480666,QQQ,2024-04-17
2024-07-02,54581.42999999999,100,486.98,48698.0,103279.43,0.004923451518549005,0.03279429999999994,103279.43,0.0,QQQ,2024-04-17
2024-07-03,54581.42999999999,100,491.04,49104.0,103685.43,0.003931082888431803,0.036854299999999895,103685.43,0.0,QQQ,2024-04-17
2024-07-05,54581.42999999999,100,496.16,49616.0,104197.43,0.004938012987938611,0.04197429999999991,104197.43,0.0,QQQ,2024-04-17
2024-07-08,54581.42999999999,100,497.34,49734.0,104315.43,0.0011324655512137127,0.04315429999999987,104315.43,0.0,QQQ,2024-04-17
2024-07-09,54581.42999999999,100,497.77,49777.0,104358.43,0.0004122113094870983,0.04358430000000002,104358.43,0.0,QQQ,2024-04-17
2024-07-10,104482.85999999999,0,502.96,0.0,104482.85999999999,0.0011923330007934663,0.044828599999999774,104482.85999999999,0.0,QQQ,2024-04-17
2024-07-11,54175.859999999986,100,491.93,49193.0,103368.85999999999,-0.010662035859278718,0.033688599999999846,104482.85999999999,-0.010662035859278718,QQQ,2024-04-17
2024-07-12,54175.859999999986,100,494.82,49482.0,103657.85999999999,0.0027958129750100813,0.036578599999999906,104482.85999999999,-0.007896031942464021,QQQ,2024-04-17
2024-07-15,54175.859999999986,100,496.15,49615.0,103790.85999999999,0.0012830671981844954,0.03790859999999996,104482.85999999999,-0.006623095883860786,QQQ,2024-04-17
2024-07-16,54175.859999999986,100,496.34,49634.0,103809.85999999999,0.00018306043518667714,0.03809859999999987,104482.85999999999,-0.006441247875488831,QQQ,2024-04-17
2024-07-17,54175.859999999986,100,481.77,48177.0,102352.85999999999,-0.01403527564722662,0.0235285999999999,104482.85999999999,-0.020386118833270794,QQQ,2024-04-17
2024-07-18,100000.0,0,479.49,0.0,100000.0,0.0,0.0,100000.0,0.0,QQQ,2024-07-18
2024-07-19,100000.0,0,475.24,0.0,100000.0,0.0,0.0,100000.0,0.0,QQQ,2024-07-18
2024-07-22,100000.0,0,482.32,0.0,100000.0,0.0,0.0,100000.0,0.0,QQQ,2024-07-18
2024-07-23,100000.0,0,480.62,0.0,100000.0,0.0,0.0,100000.0,0.0,QQQ,2024-07-18
2024-07-24,100000.0,0,463.38,0.0,100000.0,0.0,0.0,100000.0,0.0,QQQ,2024-07-18
2024-07-25,100000.0,0,458.27,0.0,100000.0,0.0,0.0,100000.0,0.0,QQQ,2024-07-18
2024-07-26,100000.0,0,462.97,0.0,100000.0,0.0,0.0,100000.0,0.0,QQQ,2024-07-18
2024-07-29,100000.0,0,463.9,0.0,100000.0,0.0,0.0,100000.0,0.0,QQQ,2024-07-18
2024-07-30,100000.0,0,457.53,0.0,100000.0,0.0,0.0,100000.0,0.0,QQQ,2024-07-18
2024-07-31,100000.0,0,471.07,0.0,100000.0,0.0,0.0,100000.0,0.0,QQQ,2024-07-18
2024-08-01,100000.0,0,459.66,0.0,100000.0,0.0,0.0,100000.0,0.0,QQQ,2024-07-18
2024-08-02,100000.0,0,448.75,0.0,100000.0,0.0,0.0,100000.0,0.0,QQQ,2024-07-18
2024-08-05,100000.0,0,435.37,0.0,100000.0,0.0,0.0,100000.0,0.0,QQQ,2024-07-18
2024-08-06,100000.0,0,439.53,0.0,100000.0,0.0,0.0,100000.0,0.0,QQQ,2024-07-18
2024-08-07,100000.0,0,434.77,0.0,100000.0,0.0,0.0,100000.0,0.0,QQQ,2024-07-18
2024-08-08,100000.0,0,448.07,0.0,100000.0,0.0,0.0,100000.0,0.0,QQQ,2024-07-18
2024-08-09,100000.0,0,450.41,0.0,100000.0,0.0,0.0,100000.0,0.0,QQQ,2024-07-18
2024-08-12,100000.0,0,451.38,0.0,100000.0,0.0,0.0,100000.0,0.0,QQQ,2024-07-18
2024-08-13,100000.0,0,462.58,0.0,100000.0,0.0,0.0,100000.0,0.0,QQQ,2024-07-18
2024-08-14,100000.0,0,462.73,0.0,100000.0,0.0,0.0,100000.0,0.0,QQQ,2024-07-18
2024-08-15,100000.0,0,474.42,0.0,100000.0,0.0,0.0,100000.0,0.0,QQQ,2024-07-18
2024-08-16,100000.0,0,475.03,0.0,100000.0,0.0,0.0,100000.0,0.0,QQQ,2024-07-18
2024-08-19,100000.0,0,481.27,0.0,100000.0,0.0,0.0,100000.0,0.0,QQQ,2024-07-18
2024-08-20,100000.0,0,480.26,0.0,100000.0,0.0,0.0,100000.0,0.0,QQQ,2024-07-18
2024-08-21,100000.0,0,482.5,0.0,100000.0,0.0,0.0,100000.0,0.0,QQQ,2024-07-18
2024-08-22,100000.0,0,474.85,0.0,100000.0,0.0,0.0,100000.0,0.0,QQQ,2024-07-18
2024-08-23,100000.0,0,480.0,0.0,100000.0,0.0,0.0,100000.0,0.0,QQQ,2024-07-18
2024-08-26,100000.0,0,475.34,0.0,100000.0,0.0,0.0,100000.0,0.0,QQQ,2024-07-18
2024-08-27,100000.0,0,476.76,0.0,100000.0,0.0,0.0,100000.0,0.0,QQQ,2024-07-18
2024-08-28,100000.0,0,471.35,0.0,100000.0,0.0,0.0,100000.0,0.0,QQQ,2024-07-18
2024-08-29,100000.0,0,470.66,0.0,100000.0,0.0,0.0,100000.0,0.0,QQQ,2024-07-18
2024-08-30,100000.0,0,476.27,0.0,100000.0,0.0,0.0,100000.0,0.0,QQQ,2024-07-18
2024-09-03,100000.0,0,461.81,0.0,100000.0,0.0,0.0,100000.0,0.0,QQQ,2024-07-18
2024-09-04,100000.0,0,460.61,0.0,100000.0,0.0,0.0,100000.0,0.0,QQQ,2024-07-18
2024-09-05,100000.0,0,461.04,0.0,100000.0,0.0,0.0,100000.0,0.0,QQQ,2024-07-18
2024-09-06,100000.0,0,448.69,0.0,100000.0,0.0,0.0,100000.0,0.0,QQQ,2024-07-18
2024-09-09,100000.0,0,454.46,0.0,100000.0,0.0,0.0,100000.0,0.0,QQQ,2024-07-18
2024-09-10,100000.0,0,458.66,0.0,100000.0,0.0,0.0,100000.0,0.0,QQQ,2024-07-18
2024-09-11,100000.0,0,468.62,0.0,100000.0,0.0,0.0,100000.0,0.0,QQQ,2024-07-18
2024-09-12,100000.0,0,473.22,0.0,100000.0,0.0,0.0,100000.0,0.0,QQQ,2024-07-18
2024-09-13,100000.0,0,475.34,0.0,100000.0,0.0,0.0,100000.0,0.0,QQQ,2024-07-18
2024-09-16,100000.0,0,473.24,0.0,100000.0,0.0,0.0,100000.0,0.0,QQQ,2024-07-18
2024-09-17,100000.0,0,473.49,0.0,100000.0,0.0,0.0,100000.0,0.0,QQQ,2024-07-18
2024-09-18,100000.0,0,471.44,0.0,100000.0,0.0,0.0,100000.0,0.0,QQQ,2024-07-18
2024-09-19,100000.0,0,483.36,0.0,100000.0,0.0,0.0,100000.0,0.0,QQQ,2024-07-18
2024-09-20,100000.0,0,482.44,0.0,100000.0,0.0,0.0,100000.0,0.0,QQQ,2024-07-18
2024-09-23,100000.0,0,483.04,0.0,100000.0,0.0,0.0,100000.0,0.0,QQQ,2024-07-18
2024-09-24,100000.0,0,485.37,0.0,100000.0,0.0,0.0,100000.0,0.0,QQQ,2024-07-18
2024-09-25,100000.0,0,485.82,0.0,100000.0,0.0,0.0,100000.0,0.0,QQQ,2024-07-18
2024-09-26,100000.0,0,489.47,0.0,100000.0,0.0,0.0,100000.0,0.0,QQQ,2024-07-18
2024-09-27,50950.0,100,486.75,48675.0,99625.0,-0.003750000000000031,-0.003750000000000031,100000.0,-0.003750000000000031,QQQ,2024-07-18
2024-09-30,50950.0,100,488.07,48807.0,99757.0,0.001324968632371304,-0.0024300000000000432,100000.0,-0.0024300000000000432,QQQ,2024-07-18
2024-10-01,50950.0,100,481.27,48127.0,99077.0,-0.006816564251130197,-0.00922999999999996,100000.0,-0.00922999999999996,QQQ,2024-07-18
2024-10-02,98892.45999999999,0,481.95,0.0,98892.45999999999,-0.001862591721590312,-0.011075400000000069,100000.0,-0.011075400000000069,QQQ,2024-07-18
2024-10-03,98892.45999999999,0,481.59,0.0,98892.45999999999,0.0,-0.011075400000000069,100000.0,-0.011075400000000069,QQQ,2024-07-18
2024-10-04,98892.45999999999,0,487.32,0.0,98892.45999999999,0.0,-0.011075400000000069,100000.0,-0.011075400000000069,QQQ,2024-07-18
2024-10-07,98892.45999999999,0,482.1,0.0,98892.45999999999,0.0,-0.011075400000000069,100000.0,-0.011075400000000069,QQQ,2024-07-18
2024-10-08,98892.45999999999,0,489.3,0.0,98892.45999999999,0.0,-0.011075400000000069,100000.0,-0.011075400000000069,QQQ,2024-07-18
2024-10-09,98892.45999999999,0,493.15,0.0,98892.45999999999,0.0,-0.011075400000000069,100000.0,-0.011075400000000069,QQQ,2024-07-18
2024-10-10,98892.45999999999,0,492.59,0.0,98892.45999999999,0.0,-0.011075400000000069,100000.0,-0.011075400000000069,QQQ,2024-07-18
2024-10-11,98892.45999999999,0,493.36,0.0,98892.45999999999,0.0,-0.011075400000000069,100000.0,-0.011075400000000069,QQQ,2024-07-18
2024-10-14,98892.45999999999,0,497.5,0.0,98892.45999999999,0.0,-0.011075400000000069,100000.0,-0.011075400000000069,QQQ,2024-07-18
2024-10-15,49109.45999999999,100,490.85,49085.0,98194.45999999999,-0.007058172079044245,-0.018055400000000055,100000.0,-0.018055400000000055,QQQ,2024-07-18
2024-10-16,100000.0,0,490.91,0.0,100000.0,0.0,0.0,100000.0,0.0,QQQ,2024-10-16
2024-10-17,100000.0,0,491.25,0.0,100000.0,0.0,0.0,100000.0,0.0,QQQ,2024-10-16
2024-10-18,100000.0,0,494.47,0.0,100000.0,0.0,0.0,100000.0,0.0,QQQ,2024-10-16
2024-10-21,100000.0,0,495.42,0.0,100000.0,0.0,0.0,100000.0,0.0,QQQ,2024-10-16
2024-10-22,100000.0,0,495.96,0.0,100000.0,0.0,0.0,100000.0,0.0,QQQ,2024-10-16
2024-10-23,100000.0,0,488.36,0.0,100000.0,0.0,0.0,100000.0,0.0,QQQ,2024-10-16
2024-10-24,100000.0,0,492.32,0.0,100000.0,0.0,0.0,100000.0,0.0,QQQ,2024-10-16
2024-10-25,100000.0,0,495.32,0.0,100000.0,0.0,0.0,100000.0,0.0,QQQ,2024-10-16
2024-10-28,100000.0,0,495.4,0.0,100000.0,0.0,0.0,100000.0,0.0,QQQ,2024-10-16
2024-10-29,100000.0,0,500.16,0.0,100000.0,0.0,0.0,100000.0,0.0,QQQ,2024-10-16
2024-10-30,100000.0,0,496.38,0.0,100000.0,0.0,0.0,100000.0,0.0,QQQ,2024-10-16
2024-10-31,100000.0,0,483.85,0.0,100000.0,0.0,0.0,100000.0,0.0,QQQ,2024-10-16
2024-11-01,100000.0,0,487.43,0.0,100000.0,0.0,0.0,100000.0,0.0,QQQ,2024-10-16
2024-11-04,100000.0,0,486.01,0.0,100000.0,0.0,0.0,100000.0,0.0,QQQ,2024-10-16
2024-11-05,100000.0,0,492.21,0.0,100000.0,0.0,0.0,100000.0,0.0,QQQ,2024-10-16
2024-11-06,100000.0,0,505.58,0.0,100000.0,0.0,0.0,100000.0,0.0,QQQ,2024-10-16
2024-11-07,100000.0,0,513.54,0.0,100000.0,0.0,0.0,100000.0,0.0,QQQ,2024-10-16
2024-11-08,100000.0,0,514.14,0.0,100000.0,0.0,0.0,100000.0,0.0,QQQ,2024-10-16
2024-11-11,100000.0,0,513.84,0.0,100000.0,0.0,0.0,100000.0,0.0,QQQ,2024-10-16
2024-11-12,100000.0,0,512.91,0.0,100000.0,0.0,0.0,100000.0,0.0,QQQ,2024-10-16
2024-11-13,100000.0,0,512.25,0.0,100000.0,0.0,0.0,100000.0,0.0,QQQ,2024-10-16
2024-11-14,100000.0,0,508.69,0.0,100000.0,0.0,0.0,100000.0,0.0,QQQ,2024-10-16
2024-11-15,100000.0,0,496.57,0.0,100000.0,0.0,0.0,100000.0,0.0,QQQ,2024-10-16
2024-11-18,100000.0,0,500.02,0.0,100000.0,0.0,0.0,100000.0,0.0,QQQ,2024-10-16
2024-11-19,100000.0,0,503.46,0.0,100000.0,0.0,0.0,100000.0,0.0,QQQ,2024-10-16
2024-11-20,100000.0,0,503.17,0.0,100000.0,0.0,0.0,100000.0,0.0,QQQ,2024-10-16
2024-11-21,100000.0,0,504.98,0.0,100000.0,0.0,0.0,100000.0,0.0,QQQ,2024-10-16
2024-11-22,100000.0,0,505.79,0.0,100000.0,0.0,0.0,100000.0,0.0,QQQ,2024-10-16
2024-11-25,100000.0,0,506.59,0.0,100000.0,0.0,0.0,100000.0,0.0,QQQ,2024-10-16
2024-11-26,100000.0,0,509.31,0.0,100000.0,0.0,0.0,100000.0,0.0,QQQ,2024-10-16
2024-11-27,100000.0,0,505.3,0.0,100000.0,0.0,0.0,100000.0,0.0,QQQ,2024-10-16
2024-11-29,100000.0,0,509.74,0.0,100000.0,0.0,0.0,100000.0,0.0,QQQ,2024-10-16
2024-12-02,100000.0,0,515.29,0.0,100000.0,0.0,0.0,100000.0,0.0,QQQ,2024-10-16
2024-12-03,100000.0,0,516.87,0.0,100000.0,0.0,0.0,100000.0,0.0,QQQ,2024-10-16
2024-12-04,47967.99999999999,100,523.26,52326.0,100294.0,0.0029399999999999427,0.0029399999999999427,100294.0,0.0,QQQ,2024-10-16
2024-12-05,47967.99999999999,100,521.81,52180.99999999999,100148.99999999999,-0.001445749496480464,0.0014899999999997693,100294.0,-0.001445749496480464,QQQ,2024-10-16
2024-12-06,47967.99999999999,100,526.48,52648.0,100616.0,0.004663052052441996,0.006159999999999943,100616.0,0.0,QQQ,2024-10-16
2024-12-09,47967.99999999999,100,522.38,52238.0,100206.0,-0.0040748986244733,0.0020599999999999508,100616.0,-0.0040748986244733,QQQ,2024-10-16
2024-12-10,47967.99999999999,100,520.6,52060.0,100028.0,-0.0017763407380795293,0.000280000000000058,100616.0,-0.00584400095412263,QQQ,2024-10-16
2024-12-11,47967.99999999999,100,529.92,52991.99999999999,100959.99999999999,0.009317391130483355,0.009599999999999831,100959.99999999999,0.0,QQQ,2024-10-16
2024-12-12,47967.99999999999,100,526.5,52650.0,100618.0,-0.003387480190174208,0.006180000000000074,100959.99999999999,-0.003387480190174208,QQQ,2024-10-16
2024-12-13,47967.99999999999,100,530.53,53053.0,101021.0,0.00400524757001719,0.010210000000000052,101021.0,0.0,QQQ,2024-10-16
2024-12-16,47967.99999999999,100,538.17,53816.99999999999,101784.99999999999,0.007562783975608944,0.01784999999999992,101784.99999999999,0.0,QQQ,2024-10-16
2024-12-17,101289.29,0,535.8,0.0,101289.29,-0.0048701675099473984,0.012892899999999985,101784.99999999999,-0.0048701675099473984,QQQ,2024-10-16
2024-12-18,101289.29,0,516.47,0.0,101289.29,0.0,0.012892899999999985,101784.99999999999,-0.0048701675099473984,QQQ,2024-10-16
2024-12-19,101289.29,0,514.17,0.0,101289.29,0.0,0.012892899999999985,101784.99999999999,-0.0048701675099473984,QQQ,2024-10-16
2024-12-20,101289.29,0,518.66,0.0,101289.29,0.0,0.012892899999999985,101784.99999999999,-0.0048701675099473984,QQQ,2024-10-16
2024-12-23,101289.29,0,522.87,0.0,101289.29,0.0,0.012892899999999985,101784.99999999999,-0.0048701675099473984,QQQ,2024-10-16
2024-12-24,101289.29,0,529.96,0.0,101289.29,0.0,0.012892899999999985,101784.99999999999,-0.0048701675099473984,QQQ,2024-10-16
2024-12-26,101289.29,0,529.6,0.0,101289.29,0.0,0.012892899999999985,101784.99999999999,-0.0048701675099473984,QQQ,2024-10-16
2024-12-27,101289.29,0,522.56,0.0,101289.29,0.0,0.012892899999999985,101784.99999999999,-0.0048701675099473984,QQQ,2024-10-16
2024-12-30,101289.29,0,515.61,0.0,101289.29,0.0,0.012892899999999985,101784.99999999999,-0.0048701675099473984,QQQ,2024-10-16
2024-12-31,101289.29,0,511.23,0.0,101289.29,0.0,0.012892899999999985,101784.99999999999,-0.0048701675099473984,QQQ,2024-10-16
2025-01-02,101289.29,0,510.23,0.0,101289.29,0.0,0.012892899999999985,101784.99999999999,-0.0048701675099473984,QQQ,2024-10-16
2025-01-03,101289.29,0,518.58,0.0,101289.29,0.0,0.012892899999999985,101784.99999999999,-0.0048701675099473984,QQQ,2024-10-16
2025-01-06,101289.29,0,524.54,0.0,101289.29,0.0,0.012892899999999985,101784.99999999999,-0.0048701675099473984,QQQ,2024-10-16
2025-01-07,101289.29,0,515.18,0.0,101289.29,0.0,0.012892899999999985,101784.99999999999,-0.0048701675099473984,QQQ,2024-10-16
2025-01-08,101289.29,0,515.27,0.0,101289.29,0.0,0.012892899999999985,101784.99999999999,-0.0048701675099473984,QQQ,2024-10-16
2025-01-10,101289.29,0,507.19,0.0,101289.29,0.0,0.012892899999999985,101784.99999999999,-0.0048701675099473984,QQQ,2024-10-16
2025-01-13,101289.29,0,505.56,0.0,101289.29,0.0,0.012892899999999985,101784.99999999999,-0.0048701675099473984,QQQ,2024-10-16
2025-01-14,101289.29,0,505.08,0.0,101289.29,0.0,0.012892899999999985,101784.99999999999,-0.0048701675099473984,QQQ,2024-10-16
2025-01-15,101289.29,0,516.7,0.0,101289.29,0.0,0.012892899999999985,101784.99999999999,-0.0048701675099473984,QQQ,2024-10-16
2025-01-16,101289.29,0,513.08,0.0,101289.29,0.0,0.012892899999999985,101784.99999999999,-0.0048701675099473984,QQQ,2024-10-16
2025-01-17,100000.0,0,521.74,0.0,100000.0,0.0,0.0,100000.0,0.0,QQQ,2025-01-17
2025-01-21,100000.0,0,524.8,0.0,100000.0,0.0,0.0,100000.0,0.0,QQQ,2025-01-17
2025-01-22,100000.0,0,531.51,0.0,100000.0,0.0,0.0,100000.0,0.0,QQQ,2025-01-17
2025-01-23,100000.0,0,532.64,0.0,100000.0,0.0,0.0,100000.0,0.0,QQQ,2025-01-17
2025-01-24,100000.0,0,529.63,0.0,100000.0,0.0,0.0,100000.0,0.0,QQQ,2025-01-17
2025-01-27,100000.0,0,514.21,0.0,100000.0,0.0,0.0,100000.0,0.0,QQQ,2025-01-17
2025-01-28,100000.0,0,521.81,0.0,100000.0,0.0,0.0,100000.0,0.0,QQQ,2025-01-17
2025-01-29,100000.0,0,520.83,0.0,100000.0,0.0,0.0,100000.0,0.0,QQQ,2025-01-17
2025-01-30,100000.0,0,523.05,0.0,100000.0,0.0,0.0,100000.0,0.0,QQQ,2025-01-17
2025-01-31,100000.0,0,522.29,0.0,100000.0,0.0,0.0,100000.0,0.0,QQQ,2025-01-17
2025-02-03,100000.0,0,518.11,0.0,100000.0,0.0,0.0,100000.0,0.0,QQQ,2025-01-17
2025-02-04,100000.0,0,524.47,0.0,100000.0,0.0,0.0,100000.0,0.0,QQQ,2025-01-17
2025-02-05,100000.0,0,526.85,0.0,100000.0,0.0,0.0,100000.0,0.0,QQQ,2025-01-17
2025-02-06,100000.0,0,529.6,0.0,100000.0,0.0,0.0,100000.0,0.0,QQQ,2025-01-17
2025-02-07,100000.0,0,522.92,0.0,100000.0,0.0,0.0,100000.0,0.0,QQQ,2025-01-17
2025-02-10,100000.0,0,529.25,0.0,100000.0,0.0,0.0,100000.0,0.0,QQQ,2025-01-17
2025-02-11,100000.0,0,527.99,0.0,100000.0,0.0,0.0,100000.0,0.0,QQQ,2025-01-17
2025-02-12,100000.0,0,528.3,0.0,100000.0,0.0,0.0,100000.0,0.0,QQQ,2025-01-17
2025-02-13,100000.0,0,535.9,0.0,100000.0,0.0,0.0,100000.0,0.0,QQQ,2025-01-17
2025-02-14,100000.0,0,538.15,0.0,100000.0,0.0,0.0,100000.0,0.0,QQQ,2025-01-17
2025-02-18,100000.0,0,539.37,0.0,100000.0,0.0,0.0,100000.0,0.0,QQQ,2025-01-17
2025-02-19,100000.0,0,539.52,0.0,100000.0,0.0,0.0,100000.0,0.0,QQQ,2025-01-17
2025-02-20,100000.0,0,537.23,0.0,100000.0,0.0,0.0,100000.0,0.0,QQQ,2025-01-17
2025-02-21,100000.0,0,526.08,0.0,100000.0,0.0,0.0,100000.0,0.0,QQQ,2025-01-17
2025-02-24,100000.0,0,519.87,0.0,100000.0,0.0,0.0,100000.0,0.0,QQQ,2025-01-17
2025-02-25,100000.0,0,513.32,0.0,100000.0,0.0,0.0,100000.0,0.0,QQQ,2025-01-17
2025-02-26,100000.0,0,514.56,0.0,100000.0,0.0,0.0,100000.0,0.0,QQQ,2025-01-17
2025-02-27,100000.0,0,500.27,0.0,100000.0,0.0,0.0,100000.0,0.0,QQQ,2025-01-17
2025-02-28,100000.0,0,508.17,0.0,100000.0,0.0,0.0,100000.0,0.0,QQQ,2025-01-17
2025-03-03,100000.0,0,497.05,0.0,100000.0,0.0,0.0,100000.0,0.0,QQQ,2025-01-17
2025-03-04,100000.0,0,495.55,0.0,100000.0,0.0,0.0,100000.0,0.0,QQQ,2025-01-17
2025-03-05,100000.0,0,502.01,0.0,100000.0,0.0,0.0,100000.0,0.0,QQQ,2025-01-17
2025-03-06,100000.0,0,488.2,0.0,100000.0,0.0,0.0,100000.0,0.0,QQQ,2025-01-17
2025-03-07,100000.0,0,491.79,0.0,100000.0,0.0,0.0,100000.0,0.0,QQQ,2025-01-17
2025-03-10,100000.0,0,472.73,0.0,100000.0,0.0,0.0,100000.0,0.0,QQQ,2025-01-17
2025-03-11,100000.0,0,471.6,0.0,100000.0,0.0,0.0,100000.0,0.0,QQQ,2025-01-17
2025-03-12,100000.0,0,476.92,0.0,100000.0,0.0,0.0,100000.0,0.0,QQQ,2025-01-17
2025-03-13,100000.0,0,468.34,0.0,100000.0,0.0,0.0,100000.0,0.0,QQQ,2025-01-17
2025-03-14,100000.0,0,479.66,0.0,100000.0,0.0,0.0,100000.0,0.0,QQQ,2025-01-17
2025-03-17,100000.0,0,482.77,0.0,100000.0,0.0,0.0,100000.0,0.0,QQQ,2025-01-17
2025-03-18,100000.0,0,474.54,0.0,100000.0,0.0,0.0,100000.0,0.0,QQQ,2025-01-17
2025-03-19,100000.0,0,480.89,0.0,100000.0,0.0,0.0,100000.0,0.0,QQQ,2025-01-17
2025-03-20,100000.0,0,479.26,0.0,100000.0,0.0,0.0,100000.0,0.0,QQQ,2025-01-17
2025-03-21,100000.0,0,480.84,0.0,100000.0,0.0,0.0,100000.0,0.0,QQQ,2025-01-17
2025-03-24,100000.0,0,490.66,0.0,100000.0,0.0,0.0,100000.0,0.0,QQQ,2025-01-17
2025-03-25,100000.0,0,493.46,0.0,100000.0,0.0,0.0,100000.0,0.0,QQQ,2025-01-17
2025-03-26,100000.0,0,484.38,0.0,100000.0,0.0,0.0,100000.0,0.0,QQQ,2025-01-17
2025-03-27,100000.0,0,481.62,0.0,100000.0,0.0,0.0,100000.0,0.0,QQQ,2025-01-17
2025-03-28,100000.0,0,468.94,0.0,100000.0,0.0,0.0,100000.0,0.0,QQQ,2025-01-17
2025-03-31,100000.0,0,468.92,0.0,100000.0,0.0,0.0,100000.0,0.0,QQQ,2025-01-17
2025-04-01,100000.0,0,472.7,0.0,100000.0,0.0,0.0,100000.0,0.0,QQQ,2025-01-17
2025-04-02,100000.0,0,476.15,0.0,100000.0,0.0,0.0,100000.0,0.0,QQQ,2025-01-17
2025-04-03,100000.0,0,450.66,0.0,100000.0,0.0,0.0,100000.0,0.0,QQQ,2025-01-17
2025-04-04,100000.0,0,422.67,0.0,100000.0,0.0,0.0,100000.0,0.0,QQQ,2025-01-17
2025-04-07,100000.0,0,423.69,0.0,100000.0,0.0,0.0,100000.0,0.0,QQQ,2025-01-17
2025-04-08,100000.0,0,416.06,0.0,100000.0,0.0,0.0,100000.0,0.0,QQQ,2025-01-17
2025-04-09,100000.0,0,466.0,0.0,100000.0,0.0,0.0,100000.0,0.0,QQQ,2025-01-17
2025-04-10,100000.0,0,446.18,0.0,100000.0,0.0,0.0,100000.0,0.0,QQQ,2025-01-17
2025-04-11,100000.0,0,454.4,0.0,100000.0,0.0,0.0,100000.0,0.0,QQQ,2025-01-17
2025-04-14,100000.0,0,457.48,0.0,100000.0,0.0,0.0,100000.0,0.0,QQQ,2025-01-17
2025-04-15,100000.0,0,457.99,0.0,100000.0,0.0,0.0,100000.0,0.0,QQQ,2025-01-17
2025-04-16,100000.0,0,444.18,0.0,100000.0,0.0,0.0,100000.0,0.0,QQQ,2025-01-17
2025-04-17,100000.0,0,444.1,0.0,100000.0,0.0,0.0,100000.0,0.0,QQQ,2025-01-17
2025-04-21,100000.0,0,433.11,0.0,100000.0,0.0,0.0,100000.0,0.0,QQQ,2025-04-21
2025-04-22,100000.0,0,444.48,0.0,100000.0,0.0,0.0,100000.0,0.0,QQQ,2025-04-21
2025-04-23,100000.0,0,454.56,0.0,100000.0,0.0,0.0,100000.0,0.0,QQQ,2025-04-21
2025-04-24,100000.0,0,467.35,0.0,100000.0,0.0,0.0,100000.0,0.0,QQQ,2025-04-21
2025-04-25,100000.0,0,472.56,0.0,100000.0,0.0,0.0,100000.0,0.0,QQQ,2025-04-21
2025-04-28,100000.0,0,472.41,0.0,100000.0,0.0,0.0,100000.0,0.0,QQQ,2025-04-21
2025-04-29,100000.0,0,475.53,0.0,100000.0,0.0,0.0,100000.0,0.0,QQQ,2025-04-21
2025-04-30,100000.0,0,475.47,0.0,100000.0,0.0,0.0,100000.0,0.0,QQQ,2025-04-21
2025-05-01,100000.0,0,481.68,0.0,100000.0,0.0,0.0,100000.0,0.0,QQQ,2025-04-21
2025-05-02,100000.0,0,488.83,0.0,100000.0,0.0,0.0,100000.0,0.0,QQQ,2025-04-21
2025-05-05,100000.0,0,485.93,0.0,100000.0,0.0,0.0,100000.0,0.0,QQQ,2025-04-21
2025-05-06,100000.0,0,481.41,0.0,100000.0,0.0,0.0,100000.0,0.0,QQQ,2025-04-21
2025-05-07,100000.0,0,483.3,0.0,100000.0,0.0,0.0,100000.0,0.0,QQQ,2025-04-21
2025-05-08,100000.0,0,488.29,0.0,100000.0,0.0,0.0,100000.0,0.0,QQQ,2025-04-21
2025-05-09,100000.0,0,487.97,0.0,100000.0,0.0,0.0,100000.0,0.0,QQQ,2025-04-21
2025-05-12,100000.0,0,507.85,0.0,100000.0,0.0,0.0,100000.0,0.0,QQQ,2025-04-21
2025-05-13,100000.0,0,515.59,0.0,100000.0,0.0,0.0,100000.0,0.0,QQQ,2025-04-21
2025-05-14,100000.0,0,518.68,0.0,100000.0,0.0,0.0,100000.0,0.0,QQQ,2025-04-21
2025-05-15,100000.0,0,519.25,0.0,100000.0,0.0,0.0,100000.0,0.0,QQQ,2025-04-21
2025-05-16,100000.0,0,521.51,0.0,100000.0,0.0,0.0,100000.0,0.0,QQQ,2025-04-21
2025-05-19,100000.0,0,522.01,0.0,100000.0,0.0,0.0,100000.0,0.0,QQQ,2025-04-21
2025-05-20,48054.0,100,520.27,52027.0,100081.0,0.0008099999999999774,0.0008099999999999774,100081.0,0.0,QQQ,2025-04-21
2025-05-21,48054.0,100,513.04,51304.0,99358.0,-0.007224148439763822,-0.006419999999999981,100081.0,-0.007224148439763822,QQQ,2025-04-21
2025-05-22,48054.0,100,514.0,51400.0,99454.0,0.000966203023410328,-0.00546000000000002,100081.0,-0.0062649254104175656,QQQ,2025-04-21
2025-05-23,48054.0,100,509.24,50924.0,98978.0,-0.004786132282261102,-0.010220000000000007,100081.0,-0.011021072930925913,QQQ,2025-04-21
2025-05-27,48054.0,100,521.22,52122.0,100176.0,0.012103699812079372,0.0017599999999999838,100176.0,0.0,QQQ,2025-04-21
2025-05-28,48054.0,100,518.91,51891.0,99945.0,-0.0023059415428845487,-0.0005500000000000504,100176.0,-0.0023059415428845487,QQQ,2025-04-21
2025-05-29,48054.0,100,519.93,51992.99999999999,100047.0,0.0010205613087197474,0.00046999999999997044,100176.0,-0.0012877335888835661,QQQ,2025-04-21
2025-05-30,48054.0,100,519.11,51911.0,99965.0,-0.0008196147810528576,-0.00034999999999996145,100176.0,-0.0021062929244529682,QQQ,2025-04-21
2025-06-02,48054.0,100,523.21,52321.0,100375.0,0.00410143550242581,0.00374999999999992,100375.0,0.0,QQQ,2025-04-21
2025-06-03,48054.0,100,527.3,52729.99999999999,100784.0,0.00407471980074714,0.00784000000000007,100784.0,0.0,QQQ,2025-04-21
2025-06-04,48054.0,100,528.77,52877.0,100931.0,0.001458564851563704,0.00930999999999993,100931.0,0.0,QQQ,2025-04-21
2025-06-05,48054.0,100,524.79,52479.0,100533.0,-0.00394328798882404,0.005330000000000057,100931.0,-0.00394328798882404,QQQ,2025-04-21
2025-06-06,48054.0,100,529.92,52991.99999999999,101046.0,0.0051028020649936945,0.010459999999999914,101046.0,0.0,QQQ,2025-04-21
2025-06-09,48054.0,100,530.7,53070.00000000001,101124.0,0.0007719256576212974,0.011239999999999917,101124.0,0.0,QQQ,2025-04-21
2025-06-10,48054.0,100,534.21,53421.0,101475.0,0.0034709861160555633,0.01475000000000004,101475.0,0.0,QQQ,2025-04-21
2025-06-11,48054.0,100,532.41,53241.0,101295.0,-0.0017738359201774356,0.012950000000000017,101475.0,-0.0017738359201774356,QQQ,2025-04-21
2025-06-12,48054.0,100,533.66,53366.0,101420.0,0.001234019448146606,0.01419999999999999,101475.0,-0.0005420054200542257,QQQ,2025-04-21
2025-06-13,48054.0,100,526.96,52696.0,100750.0,-0.006606192072569517,0.007500000000000062,101475.0,-0.00714461690071444,QQQ,2025-04-21
2025-06-16,48054.0,100,534.29,53429.0,101483.0,0.0072754342431762264,0.014829999999999899,101483.0,0.0,QQQ,2025-04-21
2025-06-17,48054.0,100,529.08,52908.00000000001,100962.0,-0.005133864785234921,0.009619999999999962,101483.0,-0.005133864785234921,QQQ,2025-04-21
2025-06-18,100962.0,0,528.99,0.0,100962.0,0.0,0.009619999999999962,101483.0,-0.005133864785234921,QQQ,2025-04-21
2025-06-20,100962.0,0,526.83,0.0,100962.0,0.0,0.009619999999999962,101483.0,-0.005133864785234921,QQQ,2025-04-21
2025-06-23,100962.0,0,531.65,0.0,100962.0,0.0,0.009619999999999962,101483.0,-0.005133864785234921,QQQ,2025-04-21
2025-06-24,100962.0,0,539.78,0.0,100962.0,0.0,0.009619999999999962,101483.0,-0.005133864785234921,QQQ,2025-04-21
2025-06-25,46756.00000000001,100,541.16,54116.0,100872.0,-0.0008914244963451612,0.008720000000000061,101483.0,-0.006020712828749608,QQQ,2025-04-21
2025-06-26,46756.00000000001,100,546.22,54622.0,101378.0,0.0050162582282495816,0.013779999999999903,101483.0,-0.0010346560507671354,QQQ,2025-04-21
2025-06-27,46756.00000000001,100,548.09,54809.0,101565.0,0.0018445816646610602,0.015649999999999942,101565.0,0.0,QQQ,2025-04-21
2025-06-30,46756.00000000001,100,551.64,55164.0,101920.0,0.0034952985772658263,0.019200000000000106,101920.0,0.0,QQQ,2025-04-21
2025-07-01,46756.00000000001,100,546.99,54699.0,101455.0,-0.0045624018838305025,0.014550000000000063,101920.0,-0.0045624018838305025,QQQ,2025-04-21
2025-07-02,46756.00000000001,100,550.8,55079.99999999999,101836.0,0.0037553595189985245,0.018359999999999932,101920.0,-0.0008241758241758212,QQQ,2025-04-21
2025-07-03,46756.00000000001,100,556.22,55622.0,102378.0,0.005322282886209173,0.023779999999999912,102378.0,0.0,QQQ,2025-04-21
2025-07-07,102322.29000000001,0,552.03,0.0,102322.29000000001,-0.0005441598780987489,0.023222900000000157,102378.0,-0.0005441598780987489,QQQ,2025-04-21
2025-07-08,102322.29000000001,0,552.34,0.0,102322.29000000001,0.0,0.023222900000000157,102378.0,-0.0005441598780987489,QQQ,2025-04-21
2025-07-09,102322.29000000001,0,556.25,0.0,102322.29000000001,0.0,0.023222900000000157,102378.0,-0.0005441598780987489,QQQ,2025-04-21
2025-07-10,102322.29000000001,0,555.45,0.0,102322.29000000001,0.0,0.023222900000000157,102378.0,-0.0005441598780987489,QQQ,2025-04-21
2025-07-11,102322.29000000001,0,554.2,0.0,102322.29000000001,0.0,0.023222900000000157,102378.0,-0.0005441598780987489,QQQ,2025-04-21
2025-07-14,102322.29000000001,0,556.21,0.0,102322.29000000001,0.0,0.023222900000000157,102378.0,-0.0005441598780987489,QQQ,2025-04-21
2025-07-15,102322.29000000001,0,556.72,0.0,102322.29000000001,0.0,0.023222900000000157,102378.0,-0.0005441598780987489,QQQ,2025-04-21
2025-07-16,102322.29000000001,0,557.29,0.0,102322.29000000001,0.0,0.023222900000000157,102378.0,-0.0005441598780987489,QQQ,2025-04-21
2025-07-17,102322.29000000001,0,561.8,0.0,102322.29000000001,0.0,0.023222900000000157,102378.0,-0.0005441598780987489,QQQ,2025-04-21
2025-07-18,46010.29000000001,100,561.26,56126.0,102136.29000000001,-0.0018177857434582556,0.021362900000000185,102378.0,-0.0023609564554883944,QQQ,2025-04-21
2025-07-21,46010.29000000001,100,564.17,56416.99999999999,102427.29000000001,0.002849134230350492,0.024272900000000153,102427.29000000001,0.0,QQQ,2025-04-21
2025-07-22,100000.0,0,561.25,0.0,100000.0,0.0,0.0,100000.0,0.0,QQQ,2025-07-22
2025-07-23,100000.0,0,563.81,0.0,100000.0,0.0,0.0,100000.0,0.0,QQQ,2025-07-22
2025-07-24,100000.0,0,565.01,0.0,100000.0,0.0,0.0,100000.0,0.0,QQQ,2025-07-22
2025-07-25,100000.0,0,566.37,0.0,100000.0,0.0,0.0,100000.0,0.0,QQQ,2025-07-22
2025-07-28,100000.0,0,568.14,0.0,100000.0,0.0,0.0,100000.0,0.0,QQQ,2025-07-22
2025-07-29,100000.0,0,567.26,0.0,100000.0,0.0,0.0,100000.0,0.0,QQQ,2025-07-22
2025-07-30,100000.0,0,568.02,0.0,100000.0,0.0,0.0,100000.0,0.0,QQQ,2025-07-22
2025-07-31,100000.0,0,565.01,0.0,100000.0,0.0,0.0,100000.0,0.0,QQQ,2025-07-22
2025-08-01,100000.0,0,553.88,0.0,100000.0,0.0,0.0,100000.0,0.0,QQQ,2025-07-22
2025-08-04,100000.0,0,564.1,0.0,100000.0,0.0,0.0,100000.0,0.0,QQQ,2025-07-22
2025-08-05,100000.0,0,560.27,0.0,100000.0,0.0,0.0,100000.0,0.0,QQQ,2025-07-22
2025-08-06,100000.0,0,567.32,0.0,100000.0,0.0,0.0,100000.0,0.0,QQQ,2025-07-22
2025-08-07,100000.0,0,569.24,0.0,100000.0,0.0,0.0,100000.0,0.0,QQQ,2025-07-22
2025-08-08,100000.0,0,574.55,0.0,100000.0,0.0,0.0,100000.0,0.0,QQQ,2025-07-22
2025-08-11,100000.0,0,572.85,0.0,100000.0,0.0,0.0,100000.0,0.0,QQQ,2025-07-22
2025-08-12,100000.0,0,580.05,0.0,100000.0,0.0,0.0,100000.0,0.0,QQQ,2025-07-22
2025-08-13,100000.0,0,580.34,0.0,100000.0,0.0,0.0,100000.0,0.0,QQQ,2025-07-22
2025-08-14,100000.0,0,579.89,0.0,100000.0,0.0,0.0,100000.0,0.0,QQQ,2025-07-22
2025-08-15,100000.0,0,577.34,0.0,100000.0,0.0,0.0,100000.0,0.0,QQQ,2025-07-22
2025-08-18,100000.0,0,577.11,0.0,100000.0,0.0,0.0,100000.0,0.0,QQQ,2025-07-22
2025-08-19,100000.0,0,569.28,0.0,100000.0,0.0,0.0,100000.0,0.0,QQQ,2025-07-22
2025-08-20,100000.0,0,565.9,0.0,100000.0,0.0,0.0,100000.0,0.0,QQQ,2025-07-22
2025-08-21,100000.0,0,563.28,0.0,100000.0,0.0,0.0,100000.0,0.0,QQQ,2025-07-22
2025-08-22,100000.0,0,571.97,0.0,100000.0,0.0,0.0,100000.0,0.0,QQQ,2025-07-22
2025-08-25,100000.0,0,570.32,0.0,100000.0,0.0,0.0,100000.0,0.0,QQQ,2025-07-22
2025-08-26,100000.0,0,572.61,0.0,100000.0,0.0,0.0,100000.0,0.0,QQQ,2025-07-22
2025-08-27,100000.0,0,573.49,0.0,100000.0,0.0,0.0,100000.0,0.0,QQQ,2025-07-22
2025-08-28,100000.0,0,577.08,0.0,100000.0,0.0,0.0,100000.0,0.0,QQQ,2025-07-22
2025-08-29,100000.0,0,570.4,0.0,100000.0,0.0,0.0,100000.0,0.0,QQQ,2025-07-22
2025-09-02,100000.0,0,565.62,0.0,100000.0,0.0,0.0,100000.0,0.0,QQQ,2025-07-22
2025-09-03,100000.0,0,570.07,0.0,100000.0,0.0,0.0,100000.0,0.0,QQQ,2025-07-22
2025-09-04,100000.0,0,575.23,0.0,100000.0,0.0,0.0,100000.0,0.0,QQQ,2025-07-22
2025-09-05,100000.0,0,576.06,0.0,100000.0,0.0,0.0,100000.0,0.0,QQQ,2025-07-22
2025-09-08,100000.0,0,578.87,0.0,100000.0,0.0,0.0,100000.0,0.0,QQQ,2025-07-22
2025-09-09,100000.0,0,580.51,0.0,100000.0,0.0,0.0,100000.0,0.0,QQQ,2025-07-22
2025-09-10,100000.0,0,580.7,0.0,100000.0,0.0,0.0,100000.0,0.0,QQQ,2025-07-22
2025-09-11,100000.0,0,584.08,0.0,100000.0,0.0,0.0,100000.0,0.0,QQQ,2025-07-22
2025-09-12,41496.0,100,586.66,58666.0,100162.0,0.0016199999999999548,0.0016199999999999548,100162.0,0.0,QQQ,2025-07-22
2025-09-15,41496.0,100,591.68,59167.99999999999,100664.0,0.00501188075317982,0.006639999999999979,100664.0,0.0,QQQ,2025-07-22
2025-09-16,41496.0,100,591.18,59117.99999999999,100614.0,-0.0004967018993881078,0.006140000000000034,100664.0,-0.0004967018993881078,QQQ,2025-07-22
2025-09-17,41496.0,100,590.0,59000.0,100496.0,-0.0011727990140537603,0.0049600000000000755,100664.0,-0.0016689183819439402,QQQ,2025-07-22
2025-09-18,41496.0,100,595.32,59532.00000000001,101028.0,0.005293743034548548,0.010280000000000067,101028.0,0.0,QQQ,2025-07-22
2025-09-19,101261.29000000001,0,599.35,0.0,101261.29000000001,0.002309161816526295,0.012612900000000149,101261.29000000001,0.0,QQQ,2025-07-22
2025-09-22,41487.29000000001,100,602.2,60220.00000000001,101707.29000000001,0.004404447148560031,0.017072900000000057,101707.29000000001,0.0,QQQ,2025-07-22
2025-09-23,41487.29000000001,100,598.2,59820.00000000001,101307.29000000001,-0.003932854763901372,0.013072900000000054,101707.29000000001,-0.003932854763901372,QQQ,2025-07-22
2025-09-24,41487.29000000001,100,596.1,59610.0,101097.29000000001,-0.0020729011702909084,0.010972900000000063,101707.29000000001,-0.005997603514949601,QQQ,2025-07-22
2025-09-25,41487.29000000001,100,593.53,59353.0,100840.29000000001,-0.002542105728056576,0.008402900000000102,101707.29000000001,-0.008524462700756241,QQQ,2025-07-22
2025-09-26,41487.29000000001,100,595.97,59597.0,101084.29000000001,0.0024196677736647576,0.0108429000000001,101707.29000000001,-0.006125421294776445,QQQ,2025-07-22
2025-09-29,41487.29000000001,100,598.73,59873.0,101360.29000000001,0.0027303946043446548,0.013602899999999973,101707.29000000001,-0.0034117515076844684,QQQ,2025-07-22
2025-09-30,41487.29000000001,100,600.37,60037.0,101524.29000000001,0.0016179906351885265,0.01524290000000006,101707.29000000001,-0.0017992810544849025,QQQ,2025-07-22
2025-10-01,41487.29000000001,100,603.25,60325.0,101812.29000000001,0.002836759557737434,0.018122900000000053,101812.29000000001,0.0,QQQ,2025-07-22
2025-10-02,41487.29000000001,100,605.73,60573.0,102060.29000000001,0.0024358552390875143,0.02060290000000009,102060.29000000001,0.0,QQQ,2025-07-22
2025-10-03,41487.29000000001,100,603.18,60317.99999999999,101805.29000000001,-0.002498523176839851,0.01805290000000004,102060.29000000001,-0.002498523176839851,QQQ,2025-07-22
2025-10-06,41487.29000000001,100,607.71,60771.0,102258.29000000001,0.004449670542660433,0.022582900000000183,102258.29000000001,0.0,QQQ,2025-07-22
2025-10-07,41487.29000000001,100,604.51,60451.0,101938.29000000001,-0.0031293306391100284,0.01938290000000009,102258.29000000001,-0.0031293306391100284,QQQ,2025-07-22
2025-10-08,102443.29000000001,0,611.44,0.0,102443.29000000001,0.004953977548573851,0.02443290000000009,102443.29000000001,0.0,QQQ,2025-07-22
2025-10-09,41295.29000000001,100,610.7,61070.00000000001,102365.29000000001,-0.0007613968665004522,0.023652900000000088,102443.29000000001,-0.0007613968665004522,QQQ,2025-07-22
2025-10-10,41295.29000000001,100,589.5,58950.0,100245.29000000001,-0.020710145011067715,0.00245289999999998,102443.29000000001,-0.021455773238052034,QQQ,2025-07-22
2025-10-13,100956.33000000002,0,602.01,0.0,100956.33000000002,0.007093001576433222,0.009563300000000163,102443.29000000001,-0.014514957495019853,QQQ,2025-07-22
2025-10-14,100956.33000000002,0,598.0,0.0,100956.33000000002,0.0,0.009563300000000163,102443.29000000001,-0.014514957495019853,QQQ,2025-07-22
2025-10-15,100956.33000000002,0,602.22,0.0,100956.33000000002,0.0,0.009563300000000163,102443.29000000001,-0.014514957495019853,QQQ,2025-07-22
2025-10-16,100956.33000000002,0,599.99,0.0,100956.33000000002,0.0,0.009563300000000163,102443.29000000001,-0.014514957495019853,QQQ,2025-07-22
2025-10-17,100956.33000000002,0,603.93,0.0,100956.33000000002,0.0,0.009563300000000163,102443.29000000001,-0.014514957495019853,QQQ,2025-07-22
2025-10-20,100000.0,0,611.54,0.0,100000.0,0.0,0.0,100000.0,0.0,QQQ,2025-10-20
2025-10-21,100000.0,0,611.38,0.0,100000.0,0.0,0.0,100000.0,0.0,QQQ,2025-10-20
2025-10-22,100000.0,0,605.49,0.0,100000.0,0.0,0.0,100000.0,0.0,QQQ,2025-10-20
2025-10-23,100000.0,0,610.58,0.0,100000.0,0.0,0.0,100000.0,0.0,QQQ,2025-10-20
2025-10-24,100000.0,0,617.1,0.0,100000.0,0.0,0.0,100000.0,0.0,QQQ,2025-10-20
2025-10-27,100000.0,0,628.09,0.0,100000.0,0.0,0.0,100000.0,0.0,QQQ,2025-10-20
2025-10-28,100000.0,0,632.92,0.0,100000.0,0.0,0.0,100000.0,0.0,QQQ,2025-10-20
2025-10-29,100000.0,0,635.77,0.0,100000.0,0.0,0.0,100000.0,0.0,QQQ,2025-10-20
2025-10-30,100000.0,0,626.05,0.0,100000.0,0.0,0.0,100000.0,0.0,QQQ,2025-10-20
2025-10-31,100000.0,0,629.07,0.0,100000.0,0.0,0.0,100000.0,0.0,QQQ,2025-10-20
2025-11-03,100000.0,0,632.08,0.0,100000.0,0.0,0.0,100000.0,0.0,QQQ,2025-10-20
2025-11-04,100000.0,0,619.25,0.0,100000.0,0.0,0.0,100000.0,0.0,QQQ,2025-10-20
2025-11-05,100000.0,0,623.28,0.0,100000.0,0.0,0.0,100000.0,0.0,QQQ,2025-10-20
2025-11-06,100000.0,0,611.67,0.0,100000.0,0.0,0.0,100000.0,0.0,QQQ,2025-10-20
2025-11-07,100000.0,0,609.74,0.0,100000.0,0.0,0.0,100000.0,0.0,QQQ,2025-10-20
2025-11-10,100000.0,0,623.23,0.0,100000.0,0.0,0.0,100000.0,0.0,QQQ,2025-10-20
2025-11-11,100000.0,0,621.57,0.0,100000.0,0.0,0.0,100000.0,0.0,QQQ,2025-10-20
2025-11-12,100000.0,0,621.08,0.0,100000.0,0.0,0.0,100000.0,0.0,QQQ,2025-10-20
2025-11-13,100000.0,0,608.4,0.0,100000.0,0.0,0.0,100000.0,0.0,QQQ,2025-10-20
2025-11-14,100000.0,0,608.86,0.0,100000.0,0.0,0.0,100000.0,0.0,QQQ,2025-10-20
2025-11-17,100000.0,0,603.66,0.0,100000.0,0.0,0.0,100000.0,0.0,QQQ,2025-10-20
2025-11-18,100000.0,0,596.31,0.0,100000.0,0.0,0.0,100000.0,0.0,QQQ,2025-10-20
2025-11-19,100000.0,0,599.87,0.0,100000.0,0.0,0.0,100000.0,0.0,QQQ,2025-10-20
2025-11-20,100000.0,0,585.67,0.0,100000.0,0.0,0.0,100000.0,0.0,QQQ,2025-10-20
2025-11-21,100000.0,0,590.07,0.0,100000.0,0.0,0.0,100000.0,0.0,QQQ,2025-10-20
2025-11-24,100000.0,0,605.16,0.0,100000.0,0.0,0.0,100000.0,0.0,QQQ,2025-10-20
2025-11-25,100000.0,0,608.89,0.0,100000.0,0.0,0.0,100000.0,0.0,QQQ,2025-10-20
2025-11-26,100000.0,0,614.27,0.0,100000.0,0.0,0.0,100000.0,0.0,QQQ,2025-10-20
2025-11-28,100000.0,0,619.25,0.0,100000.0,0.0,0.0,100000.0,0.0,QQQ,2025-10-20
2025-12-01,100000.0,0,617.17,0.0,100000.0,0.0,0.0,100000.0,0.0,QQQ,2025-10-20
2025-12-02,100000.0,0,622.0,0.0,100000.0,0.0,0.0,100000.0,0.0,QQQ,2025-10-20
2025-12-03,100000.0,0,623.52,0.0,100000.0,0.0,0.0,100000.0,0.0,QQQ,2025-10-20
2025-12-04,100000.0,0,622.94,0.0,100000.0,0.0,0.0,100000.0,0.0,QQQ,2025-10-20
2025-12-05,100000.0,0,625.48,0.0,100000.0,0.0,0.0,100000.0,0.0,QQQ,2025-10-20
2025-12-08,37282.00000000001,100,624.28,62428.0,99710.0,-0.0029000000000000137,-0.0029000000000000137,100000.0,-0.0029000000000000137,QQQ,2025-10-20
2025-12-09,37282.00000000001,100,625.05,62504.99999999999,99787.0,0.0007722394945341993,-0.0021299999999999653,100000.0,-0.0021299999999999653,QQQ,2025-10-20
2025-12-10,37282.00000000001,100,627.61,62761.0,100043.0,0.002565464439255649,0.00042999999999993044,100043.0,0.0,QQQ,2025-10-20
2025-12-11,37282.00000000001,100,625.58,62558.00000000001,99840.00000000001,-0.002029127475185577,-0.0015999999999998238,100043.0,-0.002029127475185577,QQQ,2025-10-20
2025-12-12,37282.00000000001,100,613.62,61362.0,98644.0,-0.011979166666666763,-0.013560000000000016,100043.0,-0.013983986885639177,QQQ,2025-10-20
2025-12-15,37282.00000000001,100,610.54,61054.0,98336.0,-0.0031223389156967984,-0.016639999999999988,100043.0,-0.01706266305488635,QQQ,2025-10-20
2025-12-16,37282.00000000001,100,611.75,61175.0,98457.0,0.0012304751057599095,-0.015430000000000055,100043.0,-0.015853183131253612,QQQ,2025-10-20
2025-12-17,37282.00000000001,100,600.41,60041.0,97323.0,-0.011517718394832288,-0.02676999999999996,100043.0,-0.02718830902711833,QQQ,2025-10-20
2025-12-18,37282.00000000001,100,609.11,60911.0,98193.0,0.00893930520020958,-0.01807000000000003,100043.0,-0.01849204841917973,QQQ,2025-10-20
2025-12-19,37282.00000000001,100,617.05,61704.99999999999,98987.0,0.008086116118256825,-0.010129999999999972,100043.0,-0.010555461151704804,QQQ,2025-10-20
2025-12-22,37282.00000000001,100,619.21,61921.0,99203.0,0.00218210472082192,-0.007970000000000033,100043.0,-0.008396389552492445,QQQ,2025-10-20
2025-12-23,37282.00000000001,100,622.11,62211.0,99493.0,0.002923298690563847,-0.005070000000000019,100043.0,-0.005497636016512875,QQQ,2025-10-20
2025-12-24,37282.00000000001,100,623.93,62392.99999999999,99675.0,0.001829274421315974,-0.003249999999999975,100043.0,-0.003678418280139595,QQQ,2025-10-20
2025-12-26,37282.00000000001,100,623.89,62389.0,99671.0,-4.0130423877626775e-05,-0.003290000000000015,100043.0,-0.003718401087532408,QQQ,2025-10-20
2025-12-29,37282.00000000001,100,620.87,62087.0,99369.0,-0.0030299685966831413,-0.006310000000000038,100043.0,-0.006737103045690307,QQQ,2025-10-20
2025-12-30,37282.00000000001,100,619.43,61942.99999999999,99225.0,-0.0014491440992663307,-0.007750000000000035,100043.0,-0.008176484111831916,QQQ,2025-10-20
2025-12-31,37282.00000000001,100,614.31,61430.99999999999,98713.0,-0.005159989921894703,-0.012870000000000048,100043.0,-0.01329428345811301,QQQ,2025-10-20
2026-01-02,37282.00000000001,100,613.12,61312.0,98594.0,-0.0012055149777637775,-0.014059999999999961,100043.0,-0.014483771978049398,QQQ,2025-10-20
2026-01-05,37282.00000000001,100,617.99,61799.0,99081.0,0.004939448647990785,-0.009190000000000031,100043.0,-0.009615865177973526,QQQ,2025-10-20
2026-01-06,37282.00000000001,100,623.42,62341.99999999999,99624.0,0.005480364550216388,-0.0037599999999999856,100043.0,-0.004188199074398047,QQQ,2025-10-20
2026-01-07,99624.0,0,624.02,0.0,99624.0,0.0,-0.0037599999999999856,100043.0,-0.004188199074398047,QQQ,2025-10-20
2026-01-08,99624.0,0,620.47,0.0,99624.0,0.0,-0.0037599999999999856,100043.0,-0.004188199074398047,QQQ,2025-10-20
2026-01-09,99624.0,0,626.65,0.0,99624.0,0.0,-0.0037599999999999856,100043.0,-0.004188199074398047,QQQ,2025-10-20
2026-01-12,99624.0,0,627.17,0.0,99624.0,0.0,-0.0037599999999999856,100043.0,-0.004188199074398047,QQQ,2025-10-20
2026-01-13,99624.0,0,626.24,0.0,99624.0,0.0,-0.0037599999999999856,100043.0,-0.004188199074398047,QQQ,2025-10-20
2026-01-14,99624.0,0,619.55,0.0,99624.0,0.0,-0.0037599999999999856,100043.0,-0.004188199074398047,QQQ,2025-10-20
2026-01-15,99624.0,0,621.78,0.0,99624.0,0.0,-0.0037599999999999856,100043.0,-0.004188199074398047,QQQ,2025-10-20
2026-01-16,99624.0,0,621.26,0.0,99624.0,0.0,-0.0037599999999999856,100043.0,-0.004188199074398047,QQQ,2025-10-20
2026-01-20,99624.0,0,608.06,0.0,99624.0,0.0,-0.0037599999999999856,100043.0,-0.004188199074398047,QQQ,2025-10-20
